id_building,egid,period,class,area_era_m2,is_hotwater_system,x,y,z,transformer,gas_grid,h2_grid,geothermal_well,system_heating,system_heating2,thermal_k1_cooling_W_m2_K,energy_heating_signature_kWh_y,energy_cooling_signature_kWh_y,power_heating_signature_kW,power_cooling_signature_kW,id_building,total_annual_irr_kWh_y,roof_annual_irr_kWh_y,facade_annual_irr_kWh_y,area_solar_m2,energy_hotwater_signature_kWh_y,power_hotwater_signature_W,waste_signature_kg_y,waste_signature_kW,temperature_threshold_cooling_C,temperature_threshold_heating_C,temperature_cooling_supply_C,temperature_cooling_return_C,temperature_heating_supply_C,temperature_heating_return_C,temperature_hotwater_supply_C,temperature_hotwater_return_C,area_net_floor_m2,area_footprint_m2,area_facade_m2,area_facade_solar_m2,area_roof_solar_m2,temperature_interior_C,capita_cap,ratio,status,source_heating,source_hotwater,system_hotwater,id_class,solar_gain_factor_signature_m2,thermal_specific_capacity_Wh_m2_K,energy_el_kWh_y,thermal_transmittance_signature_kW_m2_K,count_floor,height_m,length_footprint_m,length_footprint_facade_m,area_roof_m2,energy_heating_2024_kWh_y,energy_hotwater_2024_kWh_y,geometry,path
"1","1011971",1919-1945,Residential,2483.1,vrai,2501120.61308893,1116693.5668684,420.14,"355",vrai,false,0,Solar thermal installation for multiple buildings,Not documented,0,264407.6542266,0,121.8854466,0,"57544","2117288","1420368","696920",2705.66106166029,21930.1228646919,7009.86728115815,93376.5267469879,49.4795511640947,18,15.5,12,17,65,50,60,15,1994.4578313253,330.526682731918,929,1386.19678326899,1319.4642783913,20,135.62313253012,"1.0","['existing', 'existing']",Gas,Electricity,Central electrical boiler,II,0.0946438296841736,119.4,51935.6819277108,0.00202,3,10.63,87.3938365811649,185.16555349881,1319.4642783913,302778.643373494,0,Florissant,""
"2",1014572/1014571/1014570/1014569/2039895,<1919/1971-1980,Residential/Commercial,14163.9,vrai,2501375.2171865,1116533.10023611,428.840947689876,"365",vrai,false,0,Solar thermal installation for multiple buildings/Boiler for multiple buildings/Not documented,Not documented,0.314116874589644,1411865.0458842,35029.256496002,649.868072220353,74.3003040000043,"58814","4256207","2662500","1593707",6211.48298732024,137043.843329009,43805.461527207,803325.109421003,425.676208333383,18,15.5679579776756,12,17,65,50,60,15,11376.6265060241,2628.84018527098,24921,3582.64198442044,2628.8410028998,20,1262.0734939759,0.19041365725541692/0.25804333552199604/0.28693368351936965/0.18910045961917268/0.07550886408404464,"['existing', 'existing', 'existing', 'existing', 'existing', 'existing', 'existing', 'existing', 'existing', 'existing', 'existing', 'existing', 'existing', 'existing', 'existing', 'existing', 'existing', 'existing', 'existing']",Oil/Other,Oil/Electricity/Other,Boiler/Central electrical boiler/Not documented,I/I/I/I/V,0.0897056871391581,119.435423506238,351208.15060241,0.00188288246881155,9.32042022324356,18.2809476898757,272.645043441503,272.646169298831,2628.8410028998,1022493.31807229,0,Florissant,""
"3",1014627/1014628,1991-2000/1946-1960,Residential,5012.7,vrai,2501341.02001449,1116727.70238356,433.5,"365",vrai,false,0,Solar thermal installation for multiple buildings,Not documented,0,467878.1047962,0,215.6803362,0,"58815","2171296","1175611","995685",3476.55745993538,52264.2831380092,16706.0481422188,275228.289759036,145.84149485275,18,15.5,12,17,65,50,60,15,4026.26506024096,827.512016010171,6643.6,2514.00359189787,962.553868037502,20,399.750602409639,0.49870129870129865/0.5012987012987012,"['existing', 'existing', 'existing', 'existing', 'existing', 'existing']",Oil,Oil,Boiler,I/I,0.0852385588811317,120.3,117587.071084337,0.00177064935064935,7,25.36,130.986935556442,131.03127672397,962.553868037502,369651.395180723,0,Florissant,""
"4",1014561/1014562/1014564/1014563,1971-1980/1961-1970,Residential,16340.1,vrai,2501471.50056874,1116453.77541392,441.68,"365",vrai,false,0,Solar thermal installation for multiple buildings/Boiler for multiple buildings,Not documented,0,1783008.8522001,0,821.9233701,0,"58819","5936488","2650045","3286443",8964.73043996503,170367.987891397,54457.3777103382,897172.736746988,475.405392312211,18,15.5,12,17,65,50,60,15,13124.578313253,2098.98190558521,27463.2250874981,6865.73164469538,2098.99879526966,20,1303.08313253012,0.2571428571428572/0.22857142857142854/0.2857142857142857/0.22857142857142854,"['existing', 'existing', 'existing', 'existing', 'existing', 'existing', 'existing', 'existing', 'existing', 'existing', 'existing', 'existing']",Oil,Oil,Boiler,I/I/I/I,0.0996492144643071,120.3,383303.309638554,0.00207,8.82857142857143,30.62,261.059305192444,261.056867988683,2098.99879526966,1204967.53493976,0,Florissant,""
"5",1014641/1014642/1014643,1946-1960,Residential,11664.99,vrai,2501230.77419378,1116794.81995816,436.25,"365",vrai,false,0,Solar thermal installation for multiple buildings,Not documented,0,1242121.80036114,0,572.58769914,0,"58789","4126418","2256855","1869563",6295.29261115464,121623.544230041,38876.4307695381,640480.229767642,339.385875684238,18,15.5,12,17,65,50,60,15,9369.46987951807,1437.40574547132,13366.7193441175,4455.55037861803,1839.74223253661,20,930.254509466437,0.33795742645300164/0.3673762257833054/0.2946663477636929,"['existing', 'existing', 'existing', 'existing', 'existing', 'existing', 'existing', 'existing', 'existing']",Oil,Oil,Boiler,I/I/I,0.0969142088617708,120.3,273635.367831325,0.00202,8.70533365223631,26.51,191.298522414089,191.297664772151,1839.74223253661,860211.029638554,0,Florissant,""
"6",1014645/1014646/1014647/1014648,1946-1960,Residential,10184.43,vrai,0,0,0,"365",vrai,false,0,Boiler for multiple buildings,Not documented,0,1084467.49866498,0,499.91293098,0,"58790","3573022","1810303","1762719",5998.18964967205,106186.672475758,33942.102635517,559188.311901893,296.309872009734,18,15.5,12,17,65,50,60,15,8180.26506024096,0,20235.2,4400.70844192981,1597.48120774224,20,812.183459552496,0.26792073783216147/0.2638115240617296/0.23303807871427268/0.23522965939183638,"['existing', 'existing', 'existing', 'existing', 'existing', 'existing', 'existing', 'existing', 'existing', 'existing', 'existing', 'existing']",Oil,Oil,Boiler,I/I/I/I,0.097242228607679,120.3,238904.641084337,0.00202,8.53173226189389,27.01,187.292447318428,187.292447318428,1597.48120774224,751030.135180723,0,Florissant,""
"7",1014574/1014573/1014575,1981-1990,Residential,10129.56,vrai,2501335.95695082,1116598.22925753,441.09,"365",vrai,false,0,Condensation boiler for single building/Solar thermal installation for multiple buildings,Not documented,0,811638.450356158,0,374.14542816,0,"58798","3461622","1427824","2033798",5616.69640725946,105614.577354196,33759.2349471284,556175.608915663,294.713462325817,18,15.5,12,17,65,50,60,15,8136.19277108434,1138.01354249316,14956.8,4478.66994644024,1138.02646081922,20,807.807710843374,0.3214285714285714/0.35714285714285715/0.3214285714285714,"['existing', 'existing', 'existing', 'existing', 'existing', 'existing', 'existing', 'existing', 'existing']",Gas/Oil,Solar (thermal)/Gas,Solar thermal installation/Boiler,I/I/I,0.0729255433019275,120.3,237617.509879518,0.00152,9.35714285714286,30.8,161.871073812927,161.871185979,1138.02646081922,746983.858313253,0,Florissant,""
"8",1014624/1014621/1014622/1014623/1014626,1991-2000/<1919/1981-1990,Residential,9720.36,vrai,2501372.21196284,1116691.93302769,424.62,"365",vrai,false,0,Not documented/Solar thermal installation for multiple buildings/Boiler for multiple buildings,Not documented,0,797901.841776359,0,367.81318836,0,"58800","4448332","2509739","1938593",6801.49760414478,101348.105261328,32395.4759151204,533707.993425129,282.808034174572,18,15.5,12,17,65,50,60,15,7807.51807228916,1701.49267061481,23281.126171526,4595.59890544747,2205.89869869731,20,775.175008605852,0.1381553769613471/0.1282051282051282/0.26636050516647536/0.2502870264064294/0.21699196326061998,"['existing', 'existing', 'existing', 'existing', 'existing', 'existing', 'existing', 'existing', 'existing', 'existing', 'existing', 'existing', 'existing', 'existing', 'existing']",Other/Gas/Oil,Oil/Gas,Boiler,I/I/I/I/I,0.0747093158691976,120.3,228018.565301205,0.00155717948717949,6.71756601607345,16.03,265.575145470226,261.793091268247,2205.89869869731,716808.234216867,0,Florissant,""
"9","1014625",<1919,Residential,1067.64,vrai,2501288.86797748,1116700.19144006,424.515401434324,"365",vrai,false,0,Solar thermal installation for multiple buildings,Not documented,0,101866.61040612,0,46.95801012,0,"58801","892346","502453","389893",1406.43122596019,11131.6135514803,3558.17129263104,58620.0513253012,31.0623443582481,18,15.5,12,17,65,50,60,15,857.542168674699,363.087243999614,1338.9,914.598057496086,491.833168464102,20,85.141686746988,"1.0","['existing', 'existing', 'existing']",Gas,Oil,Boiler,I,0.0868389693266352,120.3,25044.5190361446,0.00181,4,13.0654014343243,102.474437215798,102.47504442409,491.833168464102,78730.9465060241,0,Florissant,""
"10",1014639/1014640/1014644,1946-1960,Residential,12568.95,vrai,2501264.69491641,1116742.0651102,436.61,"365",vrai,false,0,Solar thermal installation for multiple buildings,Not documented,0,1338378.0699897,0,616.9594797,0,"58802","4201347","2311375","1889972",6267.46551288796,131048.568944349,41889.0984493577,690113.23489673,365.686048781988,18,15.5,12,17,65,50,60,15,10095.5421686747,1444.64997802124,14955.9,4428.02261907486,1839.44289381309,20,1002.34311531842,0.34162042175360713/0.31431742508324084/0.34406215316315203,"['existing', 'existing', 'existing', 'existing', 'existing', 'existing', 'existing', 'existing', 'existing']",Oil,Oil/Solar (thermal),Boiler/Solar thermal installation,I/I/I,0.0969142088617708,120.3,294840.309036145,0.00202,9.34406215316315,26.0600000000001,191.301296839952,191.301377156904,1839.44289381309,926871.726506024,0,Florissant,""
"11","1012074",1971-1980,Administrative,26337.6,vrai,2501381.76316058,1116334.30885496,427.192510745742,"365",vrai,false,0,Solar thermal installation for multiple buildings,Not documented,1.59,2557591.00236,329708.4834672,1302.39432,699.3422928,"58811","7398382","6335544","1062838",8385.68902618834,33926.88264118,10844.5787579696,0,0,18,14.2,12,17,65,50,60,15,21154.6987951807,5522.17561540781,4042.76107676098,2782.78312703111,5602.90589915723,20,5064.5356282272,"1.0","['existing', 'existing', 'existing', 'existing', 'existing', 'existing', 'existing', 'existing', 'existing', 'existing']",Oil,Oil,Boiler,III,0.134304866652864,114.14,1349775.55662651,0.00215,5,13.5625107457419,436.721372294444,343.819845921426,5602.90589915723,1223587.77831325,0,Florissant,""
"12",1014565/1014566/1014568/1014567,1971-1980,Residential,17740.68,vrai,2501413.73567146,1116491.83461278,441.51,"365",vrai,false,0,Solar thermal installation for multiple buildings/Boiler for multiple buildings,Not documented,0,1954541.93294316,0,900.99591516,0,"58813","5880742","2642589","3238153",8852.3593225508,184970.958282083,59125.1529426514,974073.257039587,516.154425938972,18,15.5,12,17,65,50,60,15,14249.5421686747,2098.16515706231,27016.8923194077,6754.20373384506,2098.15558870575,20,1414.77597246127,0.26315789473684215/0.26315789473684215/0.23684210526315794/0.23684210526315794,"['existing', 'existing', 'existing', 'existing', 'existing', 'existing', 'existing', 'existing', 'existing', 'existing', 'existing', 'existing']",Oil,Oil,Boiler,I/I/I/I,0.100272622040151,120.3,416157.879036145,0.00209,9.52631578947368,30.36,258.515887571857,258.515250351605,2098.16515706231,1308250.46650602,0,Florissant,""
"13",1014587/1014586/1014588,1919-1945/<1919,Residential,8594.13,vrai,2501414.45701665,1116625.82199654,432.908318946225,"365",vrai,false,0,Solar thermal installation for multiple buildings,Not documented,0,879455.233891831,0,405.40730283,0,"58820","3298579","2080912","1217667",4485.33504191246,89605.6104783506,28642.0391247187,471870.988063683,250.041048967396,18,15.5,12,17,65,50,60,15,6902.9156626506,2297.47979782412,6952.45206300953,2173.08325380712,2312.25178810534,20,685.36091222031,0.3341629693756087/0.2908776106481982/0.37495941997619303,"['existing', 'existing', 'existing', 'existing', 'existing', 'existing', 'existing', 'existing', 'existing']",Gas,Gas,Boiler,I/I/I,0.0931364028895565,120.3,201599.651927711,0.001941258521805,8.08408180932799,23.9466243618727,245.17077730669,239.140667800902,2312.25178810534,633756.686987952,0,Florissant,""
"14",1014589/1014590,1946-1960/1961-1970,Residential,4782.06,vrai,2501446.134518,1116669.15224482,435.15,"365",vrai,false,0,Solar thermal installation for multiple buildings,Not documented,0,509207.549825161,0,234.73219716,0,"58821","2454201","1064342","1389859",3958.83228613505,49859.544322013,15937.3839605364,262564.724664372,139.131162622048,18,15.5,12,17,65,50,60,15,3841.01204819277,813.721765985851,7105.2,3145.11516955863,813.717116576421,20,381.357624784854,0.43057176196032676/0.5694282380396734,"['existing', 'existing', 'existing', 'existing', 'existing', 'existing']",Oil,Oil,Boiler,I/I,0.0969142088617706,120.3,112176.75686747,0.00202,7.13885647607934,26.7100000000001,133.006157759729,133.00636009699,813.721765985851,352643.316144578,0,Florissant,""
"15",1014560/1014558/1014557/1014556/1014559,1961-1970/1946-1960,Residential,14831.64,vrai,2501528.73072419,1116421.11191012,442.15,"365",vrai,false,0,Solar thermal installation for multiple buildings,Not documented,0,1579315.83131304,0,728.02588104,0,"58828","5501581","2469992","3031589",8251.63236697431,154640.220312597,49430.0660059524,814348.936006885,431.517654900122,18,15.5,12,17,65,50,60,15,11912.9638554217,1879.77916955096,31859.420486735,6371.8817430546,1879.75062391971,20,1182.78712564544,0.20265864058189115/0.17494356659142213/0.1845372460496614/0.17099322799097064/0.2668673187860547,"['existing', 'existing', 'existing', 'existing', 'existing', 'existing', 'existing', 'existing', 'existing', 'existing', 'existing', 'existing', 'existing', 'existing', 'existing']",Gas/Oil,Gas/Oil,Boiler,I/I/I/I/I,0.0969142088617706,120.3,347918.10939759,0.00202,8.53047404063206,29.8700000000001,246.064996241756,246.064917423798,1879.77916955096,1093729.21156627,0,Florissant,""
"16","2039891",1971-1980,Administrative,365.49,vrai,2501467.24317078,1116519.00372517,418.015223698884,"365",vrai,false,0,Not documented,Not documented,1.59,35491.99378275,4575.40374303,18.0734805,9.70485597,"58829","572914","463800","109114",777.316129154514,470.807375635723,150.491506069506,0,0,18,14.2,12,17,65,50,60,15,293.566265060241,447.730969502246,756.1,309.131508933844,468.184620220669,20,70.2811617900172,"1.0","['existing', 'existing', 'existing', 'existing', 'existing', 'existing', 'existing', 'existing', 'existing', 'existing']",Other,Other,Not documented,III,0.134304866652864,114.140000000013,18730.9955421687,0.00215,1,5.9029867100424,128.080793114966,128.081736891513,468.184620220669,16979.8727710843,0,Florissant,""
"17",1014585/1014591/1014592/1014584,1961-1970/1971-1980,Residential,18843.66,vrai,2501492.23374392,1116623.64149255,435.321467770245,"365",vrai,false,0,Solar thermal installation for multiple buildings/Condensation boiler for single building,Not documented,0,2017124.3920746,0,929.8448946,0,"58830","5300546","2702330","2598216",7976.91772461348,196471.039877935,62801.1034244066,1034633.69333907,548.244966364828,18,15.5,12,17,65,50,60,15,15135.4698795181,2208.03835666041,29704,5640.21880171657,2336.69892289692,20,1502.73593803787,0.1939591353272135/0.17145395321291088/0.1524035139670319/0.4821833974928438,"['existing', 'existing', 'existing', 'existing', 'existing', 'existing', 'existing', 'existing', 'existing', 'existing', 'existing', 'existing']",Oil/Gas,Oil/Gas,Boiler/Condensation boiler,I/I/I/I,0.0974260428315136,120.3,442031.397831325,0.00203066824597769,9.52373901885302,26.6214677702452,278.94703031817,278.948144331302,2336.69892289692,1389587.48963855,0,Florissant,""
"18",1014583/1014580/1014581/1014582/2039892/1014579/1014578/1014577/1014576,1946-1960/1961-1970,Residential/Commercial,32242.17,vrai,2501524.51575277,1116547.7515559,429.508702438945,"365",vrai,false,0,Solar thermal installation for multiple buildings/Boiler for multiple buildings,Not documented,0,3404207.35589556,0,1568.55014160616,0,"58835","9562102","5653895","3908207",14155.2599530596,329318.783489487,105265.300139767,1789898.92339324,948.454589648254,18,15.5191323660907,12,17,65,50,60,15,25897.3253012048,3602.87408318065,86433.3,8959.55103642387,5195.70891663574,20,2656.17337349398,0.11681906025555973/0.11785745190227581/0.11110790619862126/0.11110790619862126/0.02125818454527099/0.14277885142346186/0.13801955637601315/0.13675041103002683/0.10430067207014912,"['existing', 'existing', 'existing', 'existing', 'existing', 'existing', 'existing', 'existing', 'existing', 'existing', 'existing', 'existing', 'existing', 'existing', 'existing', 'existing', 'existing', 'existing', 'existing', 'existing', 'existing', 'existing', 'existing', 'existing', 'existing', 'existing', 'existing', 'existing', 'existing', 'existing', 'existing']",Gas/Oil,Oil,Boiler,I/I/I/I/V/I/I/I/I,0.0957820127720559,120.056593786957,768478.282,0.00200044247021835,9.56073148922666,17.7151185325338,542.120392021647,608.334291812947,5195.70891663574,2363537.6626988,0,Florissant,""
